-- Account data for test
INSERT INTO authority (id, name) VALUES (1, 'ROLE_ADMIN');
INSERT INTO authority (id, name) VALUES (2, 'ROLE_USER');
-- INSERT INTO user (activated, activation_key, email, login, password, reset_key, reset_date, username,avatar_url) VALUES (1, NULL, 'linj2n@163.com', 'linj2n', '$2a$10$GQ1rh/KHWj.kOxNVRlQksufQv/KekO6boqFNDXvZam8f5sJ94kJsy','34730860792246120536' , NULL,'admin',NULL);
-- INSERT INTO user_authority(user_id,authority_id) VALUES (1,2);
INSERT INTO tag (id, name) VALUES (1, 'Spring Boot');
INSERT INTO tag (id, name) VALUES (2, 'jQuery');
INSERT INTO tag (id, name) VALUES (3, 'Java');
INSERT INTO tag (id, name) VALUES (4, 'JPA');
INSERT INTO tag (id, name) VALUES (5, 'Algorithms');
INSERT INTO tag (id, name) VALUES (6, 'CSS');
INSERT INTO tag (id, name) VALUES (7, 'Java Web');
INSERT INTO tag (id, name) VALUES (8, 'LeetCode');
INSERT INTO tag (id, name) VALUES (9, 'POJO');
INSERT INTO tag (id, name) VALUES (10, '前端笔记');
INSERT INTO tag (id, name) VALUES (11, 'OJ');
INSERT INTO tag (id, name) VALUES (12, 'Spring Data JPA');
INSERT INTO tag (id, name) VALUES (13, 'LintCode');
INSERT INTO tag (id, name) VALUES (14, 'Java Bean');
INSERT INTO tag (id, name) VALUES (15, 'Java SE');
INSERT INTO tag (id, name) VALUES (16, '反射');
INSERT INTO tag (id, name) VALUES (17, 'mySQL');
INSERT INTO tag (id, name) VALUES (18, 'AOP');
INSERT INTO tag (id, name) VALUES (19, 'DI');
INSERT INTO tag (id, name) VALUES (20, 'DOM');
INSERT INTO tag (id, name) VALUES (21, 'Gradle');
INSERT INTO tag (id, name) VALUES (22, 'H2 Database');

INSERT INTO category (id, name) VALUES (1, 'Spring Boot');
INSERT INTO category (id, name) VALUES (2, 'jQuery');
INSERT INTO category (id, name) VALUES (3, 'Java');
INSERT INTO category (id, name) VALUES (4, 'JPA');
INSERT INTO category (id, name) VALUES (5, 'Algorithms');
INSERT INTO category (id, name) VALUES (6, 'CSS');
INSERT INTO category (id, name) VALUES (7, 'Java Web');
INSERT INTO category (id, name) VALUES (8, 'LeetCode');
INSERT INTO category (id, name) VALUES (9, 'POJO');
INSERT INTO category (id, name) VALUES (10, '前端笔记');
INSERT INTO category (id, name) VALUES (11, 'OJ');
INSERT INTO category (id, name) VALUES (12, 'Spring Data JPA');
INSERT INTO category (id, name) VALUES (13, 'LintCode');
INSERT INTO category (id, name) VALUES (14, 'Java Bean');
INSERT INTO category (id, name) VALUES (15, 'Java SE');
INSERT INTO category (id, name) VALUES (16, '反射');
INSERT INTO category (id, name) VALUES (17, 'mySQL');
INSERT INTO category (id, name) VALUES (18, 'AOP');
INSERT INTO category (id, name) VALUES (19, 'DI');
INSERT INTO category (id, name) VALUES (20, 'DOM');
INSERT INTO category (id, name) VALUES (21, 'Gradle');
INSERT INTO category (id, name) VALUES (22, 'H2 Database');

INSERT INTO post (id,created_at, updated_at, content, status, title, url, views) VALUES (1,'2018-11-02 11:01:31', '2018-11-02 11:01:31', NULL, 'PUBLISHED', 'MacDown Help' , NULL , 2);
INSERT INTO post (id,created_at, updated_at, content, status, title, url, views) VALUES (2,'2018-10-02 11:01:31', '2018-11-02 11:01:31', NULL, 'DRAFT', 'JavaScript 学习笔记之 操作 DOM' , NULL , 232);
INSERT INTO post (id,created_at, updated_at, content, status, title, url, views) VALUES (3,'2018-09-12 11:01:31', '2018-11-02 11:01:31', NULL, 'DRAFT', 'JavaScript 学习笔记之 AJAX' , NULL , 42);
INSERT INTO post (id,created_at, updated_at, content, status, title, url, views) VALUES (4,'2018-10-23 11:01:31', '2018-11-02 11:01:31', NULL, 'PUBLISHED', 'Spring学习总结（1） Spring 概述与入门配置' , NULL , 22);
INSERT INTO post (id,created_at, updated_at, content, status, title, url, views) VALUES (5,'2018-01-01 11:01:31', '2018-11-02 11:01:31', NULL, 'PUBLISHED', 'Spring学习总结（2）Spring + Spring MVC 入门实例' , NULL , 12);
INSERT INTO post (id,created_at, updated_at, content, status, title, url, views) VALUES (6,'2018-08-02 11:01:31', '2018-11-02 11:01:31', NULL, 'DRAFT', 'Spring学习总结（3）Spring Boot + Spring MVC 入门实例' , NULL , 9);
INSERT INTO post (id,created_at, updated_at, content, status, title, url, views) VALUES (7,'2018-07-16 11:01:31', '2018-11-02 11:01:31', NULL, 'DRAFT', 'Spring学习总结（4）理解 DI 与 AOP' , NULL , 5);
INSERT INTO post (id,created_at, updated_at, content, status, title, url, views) VALUES (8,'2018-02-22 11:01:31', '2018-11-02 11:01:31', NULL, 'PUBLISHED', 'Spring学习总结（5）自动化装配Bean' , NULL , 32);
INSERT INTO post (id,created_at, updated_at, content, status, title, url, views) VALUES (9,'2018-05-05 11:01:31', '2018-11-02 11:01:31', NULL, 'PUBLISHED', 'Spring学习总结（6）使用Spring Data JPA' , NULL , 1);
INSERT INTO post (id,created_at, updated_at, content, status, title, url, views) VALUES (10,'2017-11-27 12:01:31', '2018-11-02 11:01:31', NULL, 'PUBLISHED', 'Spring学习总结（6）使用Spring Data JPA' , NULL , 1);
INSERT INTO post (id,created_at, updated_at, content, status, title, url, views) VALUES (11,'2017-05-15 11:01:31', '2018-11-02 11:01:31', NULL, 'PUBLISHED', 'Spring学习总结（6）使用Spring Data JPA' , NULL , 1);
INSERT INTO post (id,created_at, updated_at, content, status, title, url, views) VALUES (12,'2017-10-02 11:01:31', '2018-11-02 11:01:31', NULL, 'PUBLISHED', 'Spring学习总结（6）使用Spring Data JPA' , NULL , 1);
INSERT INTO post (id,created_at, updated_at, content, status, title, url, views) VALUES (13,'2017-02-12 11:01:31', '2018-11-02 11:01:31', NULL, 'PUBLISHED', 'Spring学习总结（6）使用Spring Data JPA' , NULL , 1);
INSERT INTO post (id,created_at, updated_at, content, status, title, url, views) VALUES (14,'2017-08-19 11:01:31', '2018-11-02 11:01:31', NULL, 'PUBLISHED', 'Spring学习总结（6）使用Spring Data JPA' , NULL , 1);
INSERT INTO post (id,created_at, updated_at, content, status, title, url, views) VALUES (15,'2017-05-23 11:01:31', '2018-11-02 11:01:31', NULL, 'PUBLISHED', 'Spring学习总结（6）使用Spring Data JPA' , NULL , 1);
INSERT INTO post (id,created_at, updated_at, content, status, title, url, views) VALUES (16,'2016-01-01 11:01:31', '2018-11-02 11:01:31', NULL, 'PUBLISHED', 'Spring学习总结（6）使用Spring Data JPA' , NULL , 1);
INSERT INTO post (id,created_at, updated_at, content, status, title, url, views) VALUES (17,'2016-07-05 11:01:31', '2018-11-02 11:01:31', NULL, 'PUBLISHED', 'Spring学习总结（6）使用Spring Data JPA' , NULL , 1);
INSERT INTO post (id,created_at, updated_at, content, status, title, url, views) VALUES (18,'2016-05-05 11:01:31', '2018-11-02 11:01:31', NULL, 'PUBLISHED', 'Spring学习总结（6）使用Spring Data JPA' , NULL , 1);
INSERT INTO post (id,created_at, updated_at, content, status, title, url, views) VALUES (19,'2018-05-05 11:01:31', '2018-11-02 11:01:31', NULL, 'PUBLISHED', 'Spring学习总结（6）使用Spring Data JPA' , NULL , 1);
INSERT INTO post (id,created_at, updated_at, content, status, title, url, views) VALUES (20,'2018-05-05 11:01:31', '2018-11-02 11:01:31', NULL, 'PUBLISHED', 'Spring学习总结（6）使用Spring Data JPA' , NULL , 1);
INSERT INTO post (id,created_at, updated_at, content, status, title, url, views) VALUES (21,'2018-05-05 11:01:31', '2018-11-02 11:01:31', NULL, 'PUBLISHED', 'Spring学习总结（6）使用Spring Data JPA' , NULL , 1);
INSERT INTO post (id,created_at, updated_at, content, status, title, url, views) VALUES (22,'2018-05-05 11:01:31', '2018-11-02 11:01:31', NULL, 'PUBLISHED', 'Spring学习总结（6）使用Spring Data JPA' , NULL , 1);
INSERT INTO post (id,created_at, updated_at, content, status, title, url, views) VALUES (23,'2018-05-05 11:01:31', '2018-11-02 11:01:31', NULL, 'PUBLISHED', 'Spring学习总结（6）使用Spring Data JPA' , NULL , 1);
INSERT INTO post (id,created_at, updated_at, content, status, title, url, views) VALUES (24,'2018-05-05 11:01:31', '2018-11-02 11:01:31', NULL, 'PUBLISHED', 'Spring学习总结（6）使用Spring Data JPA' , NULL , 1);
INSERT INTO post (id,created_at, updated_at, content, status, title, url, views) VALUES (25,'2018-05-05 11:01:31', '2018-11-02 11:01:31', NULL, 'PUBLISHED', 'Spring学习总结（6）使用Spring Data JPA' , NULL , 1);
INSERT INTO post (id,created_at, updated_at, content, status, title, url, views) VALUES (26,'2018-05-05 11:01:31', '2018-11-02 11:01:31', NULL, 'PUBLISHED', 'Spring学习总结（6）使用Spring Data JPA' , NULL , 1);
INSERT INTO post (id,created_at, updated_at, content, status, title, url, views) VALUES (27,'2018-05-05 11:01:31', '2018-11-02 11:01:31', NULL, 'PUBLISHED', 'Spring学习总结（6）使用Spring Data JPA' , NULL , 1);
INSERT INTO post (id,created_at, updated_at, content, status, title, url, views) VALUES (28,'2018-05-05 11:01:31', '2018-11-02 11:01:31', NULL, 'PUBLISHED', 'Spring学习总结（6）使用Spring Data JPA' , NULL , 1);



INSERT INTO post_category (post_id, category_id) VALUES (1,1);
INSERT INTO post_category (post_id, category_id) VALUES (1,2);
INSERT INTO post_category (post_id, category_id) VALUES (1,3);
INSERT INTO post_category (post_id, category_id) VALUES (2,1);
INSERT INTO post_category (post_id, category_id) VALUES (2,2);
INSERT INTO post_category (post_id, category_id) VALUES (2,4);
-- INSERT INTO post_category (post_id, category_id) VALUES (3,1);
-- INSERT INTO post_category (post_id, category_id) VALUES (3,2);
-- INSERT INTO post_category (post_id, category_id) VALUES (3,3);
-- INSERT INTO post_category (post_id, category_id) VALUES (3,4);
-- INSERT INTO post_category (post_id, category_id) VALUES (4,6);
-- INSERT INTO post_category (post_id, category_id) VALUES (4,7);
-- INSERT INTO post_category (post_id, category_id) VALUES (4,8);
-- INSERT INTO post_category (post_id, category_id) VALUES (4,9);
-- INSERT INTO post_category (post_id, category_id) VALUES (5,1);
-- INSERT INTO post_category (post_id, category_id) VALUES (5,2);
-- INSERT INTO post_category (post_id, category_id) VALUES (5,10);
INSERT INTO post_category (post_id, category_id) VALUES (17,22);

INSERT INTO post_tag (post_id, tag_id) VALUES (1,2);
INSERT INTO post_tag (post_id, tag_id) VALUES (1,3);
INSERT INTO post_tag (post_id, tag_id) VALUES (2,2);
INSERT INTO post_tag (post_id, tag_id) VALUES (2,4);
INSERT INTO post_tag (post_id, tag_id) VALUES (3,2);
INSERT INTO post_tag (post_id, tag_id) VALUES (3,3);
INSERT INTO post_tag (post_id, tag_id) VALUES (3,4);
INSERT INTO post_tag (post_id, tag_id) VALUES (4,6);
INSERT INTO post_tag (post_id, tag_id) VALUES (4,7);
INSERT INTO post_tag (post_id, tag_id) VALUES (4,8);
INSERT INTO post_tag (post_id, tag_id) VALUES (4,9);
INSERT INTO post_tag (post_id, tag_id) VALUES (5,2);
INSERT INTO post_tag (post_id, tag_id) VALUES (5,12);

INSERT INTO post_tag (post_id, tag_id) VALUES (3,1);
INSERT INTO post_tag (post_id, tag_id) VALUES (2,1);
INSERT INTO post_tag (post_id, tag_id) VALUES (1,1);
INSERT INTO post_tag (post_id, tag_id) VALUES (5,1);
INSERT INTO post_tag (post_id, tag_id) VALUES (10,1);
INSERT INTO post_tag (post_id, tag_id) VALUES (11,1);
INSERT INTO post_tag (post_id, tag_id) VALUES (16,1);
INSERT INTO post_tag (post_id, tag_id) VALUES (17,1);
INSERT INTO post_tag (post_id, tag_id) VALUES (17,2);

